ID,Code,Grade Level,Domain,Cluster,Parent Category,Description
std_6_1,6.RP.A.1,6,Ratios & Proportional Relationships,Ratios and Proportional Relationships,Ratios and Proportional Relationships,Understand the concept of a ratio and use ratio language to describe a ratio relationship between two quantities.
std_6_2,6.RP.A.2,6,Ratios & Proportional Relationships,Ratios and Proportional Relationships,Ratios and Proportional Relationships,Understand the concept of a unit rate a/b associated with a ratio a:b with b ≠ 0, and use rate language in the context of a ratio relationship.
std_6_3,6.RP.A.3,6,Ratios & Proportional Relationships,Ratios and Proportional Relationships,Ratios and Proportional Relationships,Use ratio and rate reasoning to solve real-world and mathematical problems, e.g., by reasoning about tables of equivalent ratios, tape diagrams, double number line diagrams, or equations.
std_6_4,6.NS.A.1,6,The Number System,The Number System,The Number System,Interpret and compute quotients of fractions, and solve word problems involving division of fractions by fractions, e.g., by using visual fraction models and equations to represent the problem.
std_6_5,6.NS.B.2,6,The Number System,The Number System,The Number System,Fluently divide multi-digit numbers using the standard algorithm.
std_6_6,6.NS.B.3,6,The Number System,The Number System,The Number System,Fluently add, subtract, multiply, and divide multi-digit decimals using the standard algorithm for each operation.
std_6_7,6.NS.C.4,6,The Number System,The Number System,The Number System,Find the greatest common factor of two whole numbers less than or equal to 100 and the least common multiple of two whole numbers less than or equal to 12.
std_6_8,6.NS.C.5,6,The Number System,The Number System,The Number System,Understand that positive and negative numbers are used together to describe quantities having opposite directions or values; use positive and negative numbers to represent quantities in real-world contexts, explaining the meaning of 0 in each situation.
std_6_9,6.NS.C.6,6,The Number System,The Number System,The Number System,Understand a rational number as a point on the number line. Extend number line diagrams and coordinate axes familiar from previous grades to represent points on the line and in the plane with negative number coordinates.
std_6_10,6.NS.C.7,6,The Number System,The Number System,The Number System,Understand ordering and absolute value of rational numbers.
std_6_11,6.NS.C.8,6,The Number System,The Number System,The Number System,Solve real-world and mathematical problems by graphing points in all four quadrants of the coordinate plane. Include use of coordinates and absolute value to find distances between points with the same first coordinate or the same second coordinate.
std_6_12,6.EE.A.1,6,Expressions & Equations,Expressions and Equations,Expressions and Equations,Write and evaluate numerical expressions involving whole-number exponents.
std_6_13,6.EE.A.2,6,Expressions & Equations,Expressions and Equations,Expressions and Equations,Write, read, and evaluate expressions in which letters stand for numbers.
std_6_14,6.EE.A.3,6,Expressions & Equations,Expressions and Equations,Expressions and Equations,Apply the properties of operations to generate equivalent expressions.
std_6_15,6.EE.A.4,6,Expressions & Equations,Expressions and Equations,Expressions and Equations,Identify when two expressions are equivalent.
std_6_16,6.EE.B.5,6,Expressions & Equations,Expressions and Equations,Expressions and Equations,Understand solving an equation or inequality as a process of answering a question: which values from a specified set, if any, make the equation or inequality true? Use substitution to determine whether a given number in a specified set makes an equation or inequality true.
std_6_17,6.EE.B.6,6,Expressions & Equations,Expressions and Equations,Expressions and Equations,Use variables to represent numbers and write expressions when solving a real-world or mathematical problem; understand that a variable can represent an unknown number, or, depending on the purpose at hand, any number in a specified set.
std_6_18,6.EE.B.7,6,Expressions & Equations,Expressions and Equations,Expressions and Equations,Solve real-world and mathematical problems by writing and solving equations of the form x + p = q and px = q for cases in which p, q and x are all nonnegative rational numbers.
std_6_19,6.EE.B.8,6,Expressions & Equations,Expressions and Equations,Expressions and Equations,Write an inequality of the form x > c or x < c to represent a constraint or condition in a real-world or mathematical problem. Recognize that inequalities of the form x > c or x < c have infinitely many solutions; represent solutions of such inequalities on number line diagrams.
std_6_20,6.EE.C.9,6,Expressions & Equations,Expressions and Equations,Expressions and Equations,Use variables to represent two quantities in a real-world problem that change in relationship to one another; write an equation to express one quantity, thought of as the dependent variable, in terms of the other quantity, thought of as the independent variable. Analyze the relationship between the dependent and independent variables using graphs and tables, and relate these to the equation.
std_6_21,6.G.A.1,6,Geometry,Geometry,Geometry,Solve real-world and mathematical problems involving area, surface area, and volume.
std_6_22,6.G.A.2,6,Geometry,Geometry,Geometry,Find the volume of a right rectangular prism with fractional edge lengths by packing it with unit cubes of the appropriate unit fraction edge lengths, and show that the volume is the same as would be found by multiplying the edge lengths of the prism. Apply the formulas V = l w h and V = b h to find volumes of right rectangular prisms with fractional edge lengths in the context of solving real-world and mathematical problems.
std_6_23,6.G.A.3,6,Geometry,Geometry,Geometry,Draw polygons in the coordinate plane given coordinates for the vertices; use coordinates to find the length of a side joining points with the same first coordinate or the same second coordinate. Apply these techniques in the context of solving real-world and mathematical problems.
std_6_24,6.G.A.4,6,Geometry,Geometry,Geometry,Represent three-dimensional figures using nets made up of rectangles and triangles, and use the nets to find the surface area of these figures. Apply these techniques in the context of solving real-world and mathematical problems.
std_6_25,6.SP.A.1,6,Statistics & Probability,Statistics and Probability,Statistics and Probability,Recognize a statistical question as one that anticipates variability in the data related to the question and accounts for it in the answers.
std_6_26,6.SP.A.2,6,Statistics & Probability,Statistics and Probability,Statistics and Probability,Understand that a set of data collected to answer a statistical question has a distribution which can be described by its center, spread, and overall shape.
std_6_27,6.SP.A.3,6,Statistics & Probability,Statistics and Probability,Statistics and Probability,Recognize that a measure of center for a numerical data set summarizes all of its values with a single number, while a measure of variation describes how its values vary with a single number.
std_6_28,6.SP.B.4,6,Statistics & Probability,Statistics and Probability,Statistics and Probability,Display numerical data in plots on a number line, including dot plots, histograms, and box plots.
std_6_29,6.SP.B.5,6,Statistics & Probability,Statistics and Probability,Statistics and Probability,Summarize numerical data sets in relation to their context.